Price;Up or Down;Volume;High;Low;EMA(Price);Typical;RMF(in M);MFR;MFR Index;PVI;EMA(PVI);NVI;EMA(NVI);OSCP;RMF;MFI;Bollinger Up;Bollinger Down;bollOsc;gainLoss;RSI;Stochastic Osc;Marron;Verde;Azul
15.935;1;6369860;16.035;15.51;16.55463111;1321.03;-8414.75;0.73;42.17;1000.49;1019.45;999.51;1015.96;-11.58;1.00E+10;42.17;17.58;15.56;-31.4;0.31;42.07;20.68;29.87;18.29;-40.18
15.76;-1;5519733;16.065;15.74;16.475168;1328.37;-7332.27;0.58;36.64;1000.49;1017.88;998.41;1012.61;-10.42;-8.41E+09;36.64;17.59;15.53;-38.72;-0.175;39.49;12.17;20.73;10.31;-53.67
15.735;-1;5709738;16.14;15.735;16.4011512;1332.04;7605.57;0.57;36.48;1000.33;1016.31;998.41;1009.6;-10.49;-7.33E+09;36.48;17.6;15.5;-38.8;-0.025;39.12;10.95;20.23;9.73;-48.3
15.99;1;3845771;16.1;15.725;16.36003608;1349.41;-5189.52;0.57;36.33;1000.33;1014.9;1000.03;1008.49;-9.45;7.61E+09;36.33;17.61;15.5;-26.65;0.255;44.79;23.36;31.13;21.68;-17.92
15.725;-1;3439957;15.99;15.625;16.29653247;1309.6;4504.96;0.6;37.34;1000.33;1013.63;998.37;1005.83;-8.5;-5.19E+09;37.34;17.62;15.46;-37.69;-0.265;40.56;10.46;21.85;13.35;-42.68
15.955;1;3837486;16.03;15.68;16.26237923;1336.77;5129.82;0.53;34.73;1001.79;1013.95;998.37;1003.43;2.64;4.50E+09;34.73;17.62;15.45;-26.89;0.23;45.38;21.65;30.22;32.86;-38.41
16;1;5245289;16.08;15.91;16.2361413;1364.44;-7156.89;0.49;33.02;1002.07;1014.53;998.37;1001.28;4.36;5.13E+09;33.02;17.63;15.43;-24.12;0.045;46.3;23.84;31.57;35.93;-34.57
15.8;-1;5920722;16.08;15.665;16.19252717;1326.64;-7854.65;0.3;23.03;1000.82;1013.78;998.37;999.34;-4.87;-7.16E+09;23.03;17.64;15.37;-31.06;-0.2;42.85;14.11;19.76;14.89;-31.11
15.38;-1;9590004;15.735;15.36;16.11127446;1256.79;-12052.58;0.28;22.01;998.17;1010.42;998.37;997.59;-23.09;-7.85E+09;22.04;17.66;15.28;-44.31;-0.42;36.68;1.03;7.38;-15.71;-28
15.45;1;4318770;15.52;15.155;16.04514701;1211.31;5231.36;0.31;23.44;998.17;1007.4;998.83;996.47;-20.78;-1.21E+10;28.22;17.68;15.17;-37.89;0.07;38.28;13.92;16.62;-4.15;-18.03
15.745;1;5380903;15.745;15.39;16.01513231;1271.75;-6843.18;0.43;29.84;1000.08;1006.55;998.83;995.46;-5.27;5.23E+09;34.66;17.67;15.11;-24.49;0.295;44.61;32.07;32.73;27.47;-16.23
15.57;-1;2683203;15.82;15.55;15.97061908;1276.75;-3425.77;0.47;31.81;1000.08;1005.79;997.72;993.45;-4.74;-6.84E+09;36.96;17.66;15.04;-28.8;-0.175;41.87;29.43;29.92;25.18;-32.2
15.145;-1;7794091;15.465;15.135;15.88805717;1181.63;9209.71;0.49;32.73;997.35;1002.37;997.72;991.65;-23.47;-3.43E+09;38.03;17.65;14.9;-40.35;-0.425;36.06;0.7;16.99;-6.48;-28.98
15.535;1;7379544;15.535;15.185;15.85275145;1221.56;9014.58;0.73;42.19;997.35;999.3;1000.29;992.53;-21.12;9.21E+09;47.55;17.61;14.84;-24.33;0.39;43.77;39.8;40.13;19.01;14.22
15.84;1;8321869;16.115;15.555;15.85147631;1323.53;-11014.25;0.78;43.66;999.31;998.45;1000.29;993.33;-5.2;9.01E+09;48.9;17.51;14.83;-11.98;0.305;48.95;70.15;54.62;49.43;12.8
15.46;-1;9813368;15.725;15.17;15.81232868;1229.32;12063.76;0.72;41.72;996.91;995.3;1000.29;994.05;-21.56;-1.10E+10;46.72;17.43;14.79;-24.04;-0.38;43.56;32.34;38.51;16.95;11.52
16.095;1;1.23E+07;1.61E+01;1.56E+01;1.58E+01;1344.46;16543.09;1.12;52.84;1001.02;996.44;1000.29;994.69;9.5;1.21E+10;57.47;17.33;14.81;1.26;0.635;52.89;97.96;72.14;81.63;10.37
16.31;1;1.09E+07;1.64E+01;1.60E+01;1.59E+01;1426.58;-15575.22;1.31;56.74;1001.02;997.46;1001.63;996.61;8.55;1.65E+10;60.99;17.23;14.85;11.63;0.215;55.57;92.89;79.57;88.12;30.78
16.29;-1;6047608;16.625;16.125;15.92778261;1455.66;8803.29;1.22;54.86;1001.02;998.38;1001.5;998.21;7.69;-1.56E+10;58.97;17.04;14.95;14.42;-0.02;55.25;77.52;77.24;84.93;25.7
16.695;1;7956940;16.77;16.41;16.00450435;1531.46;12185.77;1.34;57.19;1003.5;1001.72;1001.5;999.66;24.42;8.80E+09;61.08;16.92;15.02;37.92;0.405;60.17;95.41;95.49;119.91;23.13
17.01;1;6459599;17.01;16.73;16.10505391;1613.55;-10422.91;1.39;58.19;1003.5;1004.72;1003.39;1002.86;21.98;1.22E+10;61.99;16.89;15.04;55.85;0.315;63.53;100;107.35;129.32;51.48
16.9;-1;6262642;17.18;16.845;16.18454852;1630.27;10209.8;1.34;57.22;1003.5;1007.41;1002.74;1005.08;19.78;-1.04E+10;60.97;16.87;15.05;51.16;-0.11;61.57;86.31;101.23;121.01;35.62
16.9;1;4289442;17.05;16.81;16.25609367;1614.57;6925.62;1.81;64.4;1003.5;1009.84;1002.74;1007.08;17.8;1.02E+10;68.2;16.94;15.01;47.4;0;61.57;86.31;102.97;120.77;32.06
17.455;1;6070602;17.48;17;16.3759843;1728.98;-10495.92;2.27;69.37;1006.79;1015.42;1002.74;1008.88;39.13;6.93E+09;69.37;17.14;14.9;63.69;0.555;67.43;98.93;116.74;155.87;28.86
17.135;-1;3.82E+07;1.73E+01;1.70E+01;1.65E+01;1681.78;-64277.41;0.85;46.05;1004.95;1018.48;1002.74;1010.5;22.32;-1.05E+10;46.05;17.27;14.9;44.18;-0.32;61.6;85.29;90.13;112.44;25.97
17.005;-1;4394631;17.305;16.92;16.50719728;1659.69;-7293.73;0.82;45.18;1004.95;1021.24;1001.99;1011.18;20.08;-6.43E+10;45.18;17.36;14.89;35.45;-0.13;59.36;79.74;83.28;103.36;10.89
16.97;-1;3925699;17.075;16.845;16.55347756;1627.02;6387.18;0.85;45.81;1004.95;1023.72;1001.78;1011.58;18.08;-7.29E+09;45.81;17.44;14.9;31.27;-0.035;58.74;77.92;80.89;98.97;6.45
17.36;1;6610539;17.37;17.06;16.6341298;1714.78;-11335.59;0.87;46.43;1007.25;1028.36;1001.78;1011.94;32.44;6.39E+09;46.43;17.58;14.9;41.65;0.39;63.34;94.81;91.51;123.94;5.8
17.16;-1;8205550;17.36;16.93;16.68671682;1681.14;-13794.64;0.68;40.46;1006.1;1031.3;1001.78;1012.27;21.09;-1.13E+10;40.46;17.67;14.9;31.54;-0.2;59.66;86.15;80.19;101.28;5.22
16.925;-1;5936469;16.98;16.61;16.71054514;1591.16;-9445.89;0.69;40.98;1006.1;1033.95;1000.41;1011.17;18.98;-1.38E+10;40.98;17.72;14.95;21.4;-0.235;55.58;70.94;70.81;89.79;-17.61
16.615;-1;5155852;16.99;16.5;16.70099062;1552.59;8004.92;0.52;34.3;1006.1;1036.33;998.58;1008.35;17.08;-9.45E+09;34.3;17.74;14.98;9.45;-0.31;50.66;41.55;54.13;71.22;-45.28
16.72;1;5691775;16.98;16.565;16.70289156;1567.63;8922.61;0.47;31.98;1006.73;1039.14;998.58;1005.81;19.82;8.00E+09;31.98;17.77;15.01;12.18;0.105;52.21;43.91;55.5;75.32;-40.75
16.75;1;5816958;16.885;16.5;16.70760241;1555.53;-9048.46;0.58;36.73;1006.91;1041.86;998.58;1003.52;19.1;8.92E+09;36.73;17.79;15.06;12;0.03;52.66;31.78;56;75.1;-36.67
16.735;-1;3775139;16.925;16.59;16.71034216;1565.38;-5909.53;0.46;31.32;1006.91;1044.31;998.49;1001.38;17.19;-9.05E+09;31.32;17.8;15.14;9.95;-0.015;52.39;23.98;50.83;68.02;-34.42
16.115;-1;6643399;17.02;16.1;16.65080795;1471.95;-9778.78;0.35;25.7;1003.21;1042.57;998.49;999.45;-10.6;-5.91E+09;25.7;17.77;15.23;-15.08;-0.62;42.69;1.09;26.83;16.24;-30.98
16.11;-1;9083659;16.26;15.85;16.59672715;1383.96;-12571.44;0.34;25.37;1003.18;1040.97;998.49;997.71;-9.75;-9.78E+09;25.37;17.75;15.27;-16.2;-0.005;42.62;15.95;28.55;18.8;-27.88
15.855;-1;7063830;16.2;15.685;16.52255444;1342.9;-9486.04;0.27;21.31;1003.18;1039.52;996.91;994.59;-8.78;-1.26E+10;21.31;17.73;15.31;-27.59;-0.255;39.17;9.47;18.02;9.24;-50.03
15.85;-1;5465073;16.055;15.715;16.45529899;1333.01;7284.99;0.19;15.97;1003.18;1038.22;996.87;991.75;-7.9;-9.49E+09;15.97;17.66;15.44;-31.6;-0.005;39.1;9.79;13.37;5.47;-45.52
16.25;1;6218338;16.25;15.825;16.43476909;1392.93;-8661.71;0.42;29.68;1005.7;1039.65;996.87;989.2;10.65;7.28E+09;29.68;17.62;15.54;-15.9;0.4;46.91;33.53;35.93;46.58;-40.97
15.86;-1;3309850;16.28;15.85;16.37729219;1364.16;-4515.17;0.44;30.34;1005.7;1040.93;994.47;984.58;9.58;-8.66E+09;30.34;17.62;15.54;-34.79;-0.39;41.34;10.39;20.18;29.76;-74.08
15.85;-1;5118400;16.175;15.765;16.32456297;1347.24;6895.73;0.43;30.22;1005.64;1042.01;994.47;980.43;8.18;-4.52E+09;30.22;17.57;15.62;-38.15;-0.01;41.21;9.79;18.27;26.45;-66.67
15.96;1;6126100;16.2;15.78;16.28810667;1359.98;8331.4;0.4;28.51;1006.33;1043.72;994.47;976.69;12.24;6.90E+09;28.51;17.58;15.6;-31.85;0.11;43.4;16.42;22.76;35.01;-60
16.045;1;4311080;16.175;15.98;16.263796;1382.42;5959.72;0.55;35.64;1006.33;1045.25;995.01;973.83;11.02;8.33E+09;35.64;17.59;15.57;-26.56;0.085;45.1;26.97;31.59;42.6;-45.94
16.53;1;6295594;16.58;16.155;16.2904164;1475.85;9291.37;0.78;43.79;1009.35;1049.84;995.01;971.25;31.19;5.96E+09;43.79;17.59;15.59;-3.01;0.485;53.67;63.3;57.77;88.96;-41.35
16.93;1;5982924;17.005;16.52;16.35437476;1585.34;9484.97;1.06;51.4;1009.35;1053.96;997.43;971.22;28.07;9.29E+09;51.4;17.61;15.59;16.35;0.4;59.31;93.26;79.07;107.14;-0.4
16.97;1;3312513;17.09;16.815;16.41593729;1625.55;-5384.65;1;49.88;1009.35;1057.68;997.66;971.43;25.26;9.48E+09;49.87;17.61;15.59;18.45;0.04;59.83;91.46;79.32;104.58;3.32
16.87;-1;3032481;17.08;16.795;16.46134356;1613.1;-4891.7;0.77;43.44;1009.35;1061.02;997.07;971.04;22.73;-5.38E+09;43.44;17.6;15.59;13.57;-0.1;57.82;84.34;71.47;94.21;-6.22
16.63;-1;4787570;16.995;16.455;16.4782092;1550.21;-7421.73;0.75;42.85;1007.93;1062.47;997.07;970.69;10.45;-4.89E+09;42.85;17.58;15.59;2.19;-0.24;53.19;67.26;60.33;70.78;-5.6
16.485;-1;2937329;16.74;16.46;16.47888828;1514.09;-4447.39;0.82;45.03;1007.93;1063.78;996.2;969.54;9.41;-7.42E+09;45.03;17.48;15.61;-3.34;-0.145;50.56;56.94;55.61;65.02;-18.57
16.08;-1;5792160;16.635;15.9;16.43899945;1417.7;8211.55;0.89;46.99;1005.47;1062.32;996.2;968.5;-8.82;-4.45E+09;46.99;17.42;15.59;-23.13;-0.405;44.01;28.11;38.62;29.8;-16.72
16.205;1;3922956;16.34;16.015;16.41559951;1413.54;5545.24;1.21;54.67;1005.47;1061;996.98;968.3;-7.94;8.21E+09;54.67;17.38;15.57;-14.85;0.125;46.32;35.64;49.01;41.07;-3.08
16.31;1;7859524;16.45;16.135;16.40503956;1443;11341.33;1.76;63.76;1006.12;1060.5;996.98;968.13;-2.59;5.55E+09;63.76;17.33;15.57;-7.76;0.105;48.25;41.13;58.98;56.39;-2.77
16.73;1;3924448;16.76;16.38;16.4375356;1530.96;6008.16;1.69;62.77;1006.12;1060.04;999.55;970.46;-2.33;1.13E+10;62.77;17.23;15.61;19.07;0.42;55.2;72.83;80.66;78.33;37.44
17.01;1;7360675;17.09;16.705;16.49478204;1618.72;11914.87;2.3;69.69;1007.8;1061.4;999.55;972.56;9.68;6.01E+09;69.69;17.2;15.63;37.69;0.28;59.14;93.96;98.92;108.6;33.7
17.46;1;6302738;17.52;17.07;16.59130384;1740.57;-10970.33;3.37;77.13;1007.8;1062.62;1002.2;977.08;8.71;1.19E+10;77.13;17.3;15.57;58.94;0.45;64.54;96.55;116.4;125.11;72.41
17.45;-1;4005643;17.54;17.17;16.67717345;1751.76;-7016.92;2.37;70.35;1007.8;1063.72;1002.14;981.08;7.84;-1.10E+10;70.35;17.42;15.52;51.41;-0.01;64.33;94.51;108.8;116.64;64.24
17.315;-1;5032097;17.395;17.155;16.74095611;1722.33;8666.93;1.72;63.24;1007.02;1063.88;1002.14;984.68;1.61;-7.02E+09;63.24;17.5;15.49;40.84;-0.135;61.52;86.28;97.18;98.79;57.81
17.755;1;5557178;17.83;17.435;16.8423605;1839.81;10224.15;1.74;63.55;1009.56;1066.73;1002.14;987.93;19.33;8.67E+09;63.55;17.65;15.42;54.65;0.44;66.64;96.11;108.44;127.77;52.03
17.8;1;6221368;17.965;17.57;16.93812445;1872.83;-11651.55;1.8;64.24;1009.82;1069.57;1002.14;990.85;19.18;1.02E+10;64.24;17.8;15.36;50.1;0.045;67.13;92.01;106.07;125.25;46.83
17.705;-1;7035663;18.01;17.29;17.014812;1837.74;12929.7;1.26;55.8;1009.28;1071.55;1002.14;993.47;13.51;-1.17E+10;55.8;17.92;15.36;41.52;-0.095;64.99;85.55;95.41;108.92;42.15
18.05;1;7046631;18.29;17.735;17.1183308;1951.65;-13752.52;1.67;62.57;1011.23;1075.44;1002.14;995.84;25.87;1.29E+10;62.57;18.09;15.34;48.42;0.345;68.87;89.96;104.92;130.79;37.93
17.995;-1;2012544;18.125;17.89;17.20599772;1945;3914.39;1.8;64.31;1011.23;1078.95;1001.84;997.65;23.28;-1.38E+10;64.31;18.22;15.39;42.07;-0.055;67.58;87.66;101.59;124.87;29.17
18.11;1;5988258;18.19;17.935;17.29639795;1969.39;11793.2;2.29;69.58;1011.87;1082.82;1001.84;999.29;25.45;3.91E+09;69.58;18.34;15.45;41.96;0.115;68.89;92.47;105.63;131.08;26.25
18.2;1;4986053;18.255;17.98;17.38675816;1991.23;9928.38;3.17;76.02;1011.87;1086.3;1002.33;1001.27;22.91;1.18E+10;76.02;18.48;15.46;40.65;0.09;69.91;96.04;109.3;132.2;31.71
18.3;1;7030733;18.55;18.22;17.47808234;2061.68;-14495.15;3.45;77.51;1012.42;1090.05;1002.33;1003.04;24.48;9.93E+09;77.51;18.6;15.54;40.32;0.1;71.05;89.65;109.38;133.86;28.54
18.075;-1;7336307;18.5;17.95;17.53777411;2000.75;-14678.13;2.13;68.09;1011.19;1092.04;1002.33;1004.65;13.38;-1.45E+10;68.09;18.65;15.67;30.75;-0.225;65.08;78.11;94.98;108.36;25.69
18.065;-1;3073905;18.19;17.835;17.5904967;1953.54;6005;1.78;64.03;1011.19;1093.83;1002.28;1006.03;12.04;-1.47E+10;64.03;18.69;15.8;28.42;-0.01;64.82;73.71;90.92;102.96;22.21
18.23;1;5126104;18.28;17.845;17.65444703;1982.25;10161.21;1.75;63.6;1012.1;1096.46;1002.28;1007.28;17.27;6.00E+09;63.6;18.74;15.92;31.91;0.165;67.16;78.38;94.4;111.66;19.99
18.415;1;5259078;18.5;18.15;17.73050232;2061.1;10839.48;1.74;63.57;1013.12;1099.96;1002.28;1008.4;22.68;1.02E+10;63.57;18.84;15.97;35.24;0.185;69.6;90.32;99.26;121.94;17.99
18.43;1;4471833;18.465;18.285;17.80045209;2074.19;9275.43;2.21;68.85;1013.12;1103.11;1002.36;1009.49;20.41;1.08E+10;68.85;18.94;15.99;32.74;0.015;69.79;91.4;100.93;121.34;17.52
18.495;1;1.28E+07;1.85E+01;1.83E+01;1.79E+01;2089.45;-26715.82;3.43;77.44;1013.47;1106.34;1002.36;1010.47;20.85;9.28E+09;77.44;19.04;16.02;32.04;0.065;70.67;95.63;106.02;126.87;15.77
18.33;-1;3831323;18.54;18.14;17.91591619;2054.89;-7872.94;2.61;72.32;1013.47;1109.25;1001.47;1010.45;18.77;-2.67E+10;72.32;19.1;16.07;24.54;-0.165;65.45;82.54;94.91;113.68;-0.4
18.3;-1;7429695;18.41;18.11;17.95432457;2033.77;-15110.3;1.77;63.87;1013.31;1111.69;1001.47;1010.43;15.74;-7.87E+09;63.87;19.14;16.16;21.74;-0.03;64.52;80.16;88.42;104.16;-0.36
18.21;-1;2909278;18.38;18.08;17.97989212;2017.12;-5868.37;2;66.68;1013.31;1113.88;1000.98;1009.91;14.16;-1.51E+10;66.68;19.15;16.29;17.14;-0.09;61.68;58.28;82.46;96.63;-8.29
18.04;-1;7002363;18.135;17.66;17.98590291;1925.85;-13485.53;1.39;58.2;1012.37;1114.79;1000.98;1009.44;6.18;-5.87E+09;58.2;19.06;16.54;9.53;-0.17;56.61;42.7;69.28;75.46;-7.46
17.725;-1;5739608;18.13;17.6;17.95981261;1885.28;10820.76;1.26;55.8;1012.37;1115.61;999.23;1007.27;5.56;-1.35E+10;55.8;18.94;16.78;-6.24;-0.315;48.63;13.16;51.29;56.85;-34.88
17.94;1;2792664;17.96;17.76;17.95783135;1907.44;5326.83;1.17;54.02;1012.37;1116.35;1000.44;1006.51;5.01;1.08E+10;54.02;18.81;17.05;0.83;0.215;53.45;35.79;60.11;65.12;-12.17
18.305;1;1.10E+07;1.84E+01;1.80E+01;1.80E+01;2026.38;-22204.41;1.34;57.28;1014.41;1119.3;1000.44;1005.83;18.82;5.33E+09;57.28;18.73;17.25;21.3;0.365;60.27;74.21;81.79;100.61;-10.95
18.135;-1;5747015;18.39;18.09;18.0067934;2011.02;-11557.37;0.99;49.74;1014.41;1121.96;999.52;1004.29;16.94;-2.22E+10;49.74;18.66;17.41;8.09;-0.17;56.14;56.91;66.47;83.41;-24.76
18.075;-1;5358275;18.2;17.985;18.01361406;1972.15;-10567.3;1.04;50.98;1014.41;1124.35;999.18;1002.57;15.24;-1.16E+10;50.98;18.64;17.47;1.46;-0.06;54.72;50.53;62;77.24;-27.54
17.63;-1;8635669;18.15;17.63;17.97525265;1880.44;16238.88;0.92;48.01;1011.95;1123.68;999.18;1001.02;-3.6;-1.06E+10;48.01;18.62;17.51;-39.09;-0.445;45.51;3.19;27.75;24.15;-24.78
17.66;1;6210579;17.83;17.3;17.94372739;1815.8;11277.14;0.94;48.34;1011.95;1123.07;999.35;999.8;-3.24;1.62E+10;48.34;18.57;17.58;-42.29;0.03;46.16;29.03;30.95;27.7;-19.61
17.675;1;4786661;17.885;17.615;17.91685465;1856.14;-8884.69;0.91;47.76;1011.95;1122.53;999.44;998.79;-2.92;1.13E+10;47.76;18.58;17.57;-39.71;0.015;46.51;30.24;32.32;29.4;-16.3
17.34;-1;5566690;17.765;17.305;17.85916918;1776.91;-9891.49;0.73;42.32;1010.05;1119.92;999.44;997.87;-15.96;-8.88E+09;42.32;18.63;17.48;-62.65;-0.335;40.26;3.23;10.5;-5.46;-14.67
17.175;-1;6364656;17.69;17.175;17.79075226;1739.4;11070.7;0.42;29.78;1009.1;1116.53;999.44;997.05;-21.06;-9.89E+09;29.78;18.69;17.38;-65.61;-0.165;37.57;0;0.87;-20.19;-13.2
17.375;1;6677001;17.485;17.06;17.74917704;1727.62;11535.32;0.57;36.15;1010.26;1114.75;999.44;996.31;-10.76;1.11E+10;36.15;18.71;17.3;-44.95;0.2;42.57;22.74;20.68;9.91;-11.88
17.425;1;6018080;17.52;17.33;17.71675933;1763.54;-10613.1;0.78;43.83;1010.26;1113.14;999.73;995.93;-9.69;1.15E+10;43.83;18.73;17.24;-37.84;0.05;43.78;26.35;29.28;19.59;-6.13
17.315;-1;1.04E+07;1.74E+01;1.71E+01;1.77E+01;1713.28;17824.13;0.69;40.77;1009.63;1111;999.73;995.58;-13.16;-1.06E+10;40.77;18.74;17.17;-40.75;-0.11;41.7;18.41;23.93;10.77;-5.51
17.36;1;1.32E+07;1.76E+01;1.73E+01;1.76E+01;1757.88;-23171.59;1.06;51.39;1009.89;1109.36;999.73;995.27;-10.01;1.78E+10;51.39;18.73;17.11;-34.57;0.045;42.89;21.66;33.47;23.45;-4.96
17.255;-1;7173493;17.44;17.16;17.60593255;1721.3;12347.76;1.04;50.96;1009.89;1107.88;999.12;994.4;-9.01;-2.32E+10;50.96;18.72;17.04;-37.32;-0.105;40.79;14.08;29.56;20.55;-14.1
17.385;1;3380103;17.5;17.29;17.5838393;1753.42;5926.75;1.05;51.12;1009.89;1106.55;999.88;994.35;-8.11;1.23E+10;51.12;18.71;17;-27.32;0.13;44.42;23.47;38.02;29.91;-0.76
17.48;1;8978576;17.685;17.355;17.57345537;1788.34;16056.74;0.98;49.43;1010.44;1105.95;999.88;994.3;-3.46;5.93E+09;49.43;18.69;16.97;-20.21;0.095;46.98;31.58;43.36;39.91;-0.69
17.58;1;8539115;17.62;17.38;17.57410983;1794.54;-15323.79;1.32;56.87;1010.44;1105.41;1000.45;994.84;-3.11;1.61E+10;56.87;18.65;16.95;-13.07;0.1;49.62;45.61;54.31;51.21;8.51
17.46;-1;5284736;17.635;17.395;17.56269885;1785.35;-9435.09;1.34;57.23;1010.44;1104.93;999.77;994.63;-2.8;-1.53E+10;57.23;18.59;16.94;-18.49;-0.12;46.62;36.7;48.8;46;-3.29
16.36;-1;1.46E+07;1.70E+01;1.63E+01;1.74E+01;1515.18;-22105.24;1.24;55.42;1004.14;1097.56;999.77;994.45;-46.85;-9.44E+09;55.42;18.63;16.74;-69.91;-1.1;29.23;2.87;7.85;-39;-2.96
16.14;-1;1.21E+07;1.66E+01;1.61E+01;1.73E+01;1443.6;-17465.56;0.91;47.75;1004.14;1090.92;998.42;992.94;-42.16;-2.21E+10;47.75;18.65;16.52;-68.02;-0.22;27.05;0;3.39;-38.77;-24.09
15.755;-1;9872449;16.245;15.7;17.15646746;1339.42;13223.35;0.73;42.16;1004.14;1084.95;996.04;989.26;-37.95;-1.75E+10;42.16;18.72;16.24;-69.72;-0.385;23.73;2.66;-1.47;-39.42;-59.17
15.825;1;1.10E+07;1.61E+01;1.57E+01;1.70E+01;1333.03;14687.74;0.94;48.47;1004.58;1080.04;996.04;985.94;-31.03;1.32E+10;48.47;18.74;16.03;-57.62;0.07;25.52;6.28;9.23;-21.8;-53.25
16.12;1;1.09E+07;1.62E+01;1.56E+01;1.69E+01;1357.85;14852.44;1.21;54.83;1004.58;1075.61;997.9;984.73;-27.92;1.47E+10;54.83;18.7;15.9;-42.28;0.295;32.7;26;26.96;-0.96;-19.33
16.4;1;1.10E+07;1.64E+01;1.59E+01;1.69E+01;1427.65;-15723.7;1.26;55.74;1006.32;1073.43;997.9;983.65;-12.91;1.49E+10;55.74;18.64;15.83;-29.72;0.28;38.74;39.24;38.92;26.01;-17.4
16.21;-1;7190881;16.555;16.115;16.8127208;1441.52;10365.81;1.03;50.71;1006.32;1071.47;996.74;981.54;-11.62;-1.57E+10;50.71;18.62;15.73;-33.36;-0.19;36.36;30.26;31.9;20.28;-33.76
16.54;1;6976329;16.595;16.33;16.78544872;1494.09;-10423.29;1.37;57.76;1006.32;1069.7;998.78;981.61;-10.46;1.04E+10;57.76;18.55;15.69;-20.22;0.33;42.92;45.86;47.88;37.42;1.06
16.435;-1;1.03E+07;1.65E+01;1.64E+01;1.68E+01;1482.41;-15214.53;0.93;48.15;1005.69;1067.44;998.78;981.67;-13.88;-1.04E+10;48.15;18.41;15.67;-22.23;-0.105;41.46;40.9;40.5;26.62;0.95
16.24;-1;6306942;16.3;15.92;16.69936346;1404.74;8859.6;0.96;49.03;1005.69;1065.41;997.59;980.56;-12.49;-1.52E+10;49.03;18.3;15.64;-27.39;-0.195;38.81;31.68;35.5;23.01;-17.84
16.855;1;9219888;16.895;16.275;16.71492712;1544.85;-14243.36;1.05;51.17;1009.47;1067.54;997.59;979.56;15.4;8.86E+09;51.17;18.17;15.67;-2.59;0.615;49.72;60.76;59.28;74.68;-16.06
16.62;-1;6466935;16.955;16.535;16.70543441;1553.14;10044.08;0.8;44.41;1009.47;1069.47;996.2;977.3;13.86;-1.42E+10;44.41;18.1;15.66;-10.62;-0.235;46.32;50.85;48.53;62.4;-36.16
16.99;1;5570389;17.06;16.73;16.73389097;1616.39;-9003.94;0.74;42.52;1009.47;1071.19;998.42;977.41;12.48;1.00E+10;42.52;18.03;15.67;5.82;0.37;51.9;68.77;61.58;74.06;1.64
16.595;-1;8930738;17.2;16.4;16.72000187;1560.37;13935.28;0.71;41.51;1007.15;1070.22;998.42;977.5;-5.13;-9.00E+09;41.51;17.94;15.67;-9.44;-0.395;46.36;62.88;49.7;44.57;1.47
16.81;1;6205647;16.865;16.475;16.72900168;1556.89;9661.52;0.99;49.86;1007.15;1069.35;999.72;978.85;-4.62;1.39E+10;49.86;17.9;15.67;0.98;0.215;49.52;76.07;62.86;58.24;21.66
16.88;1;4258110;17.09;16.765;16.74410151;1612.12;-6864.58;1.33;57.13;1007.15;1068.57;1000.13;980.48;-4.15;9.66E+09;57.13;17.88;15.67;4.69;0.07;50.54;80.37;69.57;65.42;26.12
16.52;-1;6638902;16.97;16.47;16.72169136;1539.09;10217.87;1.39;58.17;1005.02;1065.59;1000.13;981.94;-18.74;-6.86E+09;58.17;17.82;15.66;-10.28;-0.36;45.45;58.28;56.38;37.64;23.51
16.65;1;4111499;16.8;16.51;16.71452223;1539.39;-6329.21;1.27;55.93;1005.02;1062.92;1000.92;984.04;-16.87;1.02E+10;55.93;17.76;15.67;-2.93;0.13;47.51;66.26;61.29;44.42;33.72
16.415;-1;6456444;16.705;16.39;16.68457;1498.11;9672.49;0.92;47.99;1003.6;1059.05;1000.92;985.93;-25.11;-6.33E+09;47.99;17.7;15.65;-12.75;-0.235;44.26;39.85;46.39;21.27;30.35
16.44;1;6853036;16.665;16.23;16.660113;1482.19;10157.51;0.85;45.99;1003.76;1055.72;1000.92;987.64;-21.53;9.67E+09;45.99;17.62;15.65;-10.08;0.025;44.69;40.63;47.07;25.54;27.31
16.81;1;5048229;16.81;16.38;16.6751017;1542.87;-7788.74;1.1;52.29;1003.76;1052.72;1003.17;991.43;-19.38;1.02E+10;52.29;17.58;15.67;9.92;0.37;50.79;69.53;68.09;48.71;60.8
16.69;-1;4463239;16.84;16.56;16.67659153;1551.45;6924.49;0.86;46.11;1003.76;1050.02;1002.46;994.1;-17.44;-7.79E+09;46.11;17.5;15.69;5.38;-0.12;48.9;60.16;60.22;42.78;42.98
16.87;1;3673866;16.87;16.635;16.69593238;1578.09;5797.69;1.17;53.94;1003.76;1047.6;1003.54;997.61;-15.7;6.92E+09;53.94;17.41;15.73;18.02;0.18;51.79;74.22;74.24;58.55;56.3
17.075;1;5954967;17.185;16.8;16.73383914;1643.23;9785.38;1.57;61.06;1004.97;1046.66;1003.54;1000.77;-5.58;5.80E+09;61.06;17.31;15.79;34.71;0.205;54.92;87.11;89.86;84.28;50.67
17.345;1;1.51E+07;1.74E+01;1.71E+01;1.68E+01;1719.82;25957.98;1.8;64.26;1006.55;1047.46;1003.54;1003.61;6.11;9.79E+09;64.26;17.28;15.81;54.31;0.27;58.71;97.81;104.95;111.05;45.6
17.485;1;6528326;17.485;17.135;16.8639597;1746.2;11399.77;2.52;71.6;1006.55;1048.17;1004.34;1007;5.5;2.60E+10;71.6;17.41;15.77;54.65;0.14;60.57;100;110.08;115.57;54.37
17.65;1;6496600;17.73;17.485;16.94256373;1823.89;11849.06;2.59;72.15;1006.55;1048.82;1005.29;1011.03;4.95;1.14E+10;72.15;17.55;15.75;55.75;0.165;62.69;94.67;111.07;116.02;64.64
17.71;1;5974679;17.84;17.59;17.01930736;1852.5;11068.09;4.35;81.31;1006.55;1049.4;1005.63;1015.01;4.45;1.18E+10;81.31;17.64;15.81;53.81;0.06;63.46;91.93;114.61;119.07;63.89
17.905;1;6229089;17.965;17.675;17.10787662;1895.13;11804.95;4.43;81.59;1007.65;1051.09;1005.63;1018.6;11.75;1.11E+10;81.59;17.76;15.86;57.76;0.195;65.93;96.54;118.73;130.48;57.5
17.99;1;5926958;18.035;17.835;17.19608896;1928.85;11432.23;4.6;82.15;1007.65;1052.6;1006.1;1022.32;10.58;1.18E+10;82.15;17.9;15.87;54.65;0.085;66.97;97.51;118.13;128.71;59.76
18.225;1;5922503;18.24;17.995;17.29898007;1993.99;11809.41;8.14;89.06;1007.65;1053.97;1007.41;1027.05;9.52;1.14E+10;89.06;18.08;15.84;56.65;0.235;69.74;99.25;124.27;133.79;75.91
18.26;1;5234648;18.3;18.14;17.39508206;2020.54;10576.83;8.4;89.36;1007.65;1055.19;1007.6;1031.51;8.57;1.18E+10;89.36;18.23;15.85;51.46;0.035;70.14;98.07;121.83;130.39;71.62
18.33;1;3733900;18.4;18.22;17.48857385;2048.37;-7648.39;21.24;95.5;1007.65;1056.3;1007.98;1035.94;7.71;1.06E+10;95.5;18.38;15.84;48;0.07;70.97;96.77;123.37;131.08;71.05
18.08;-1;5473332;18.41;17.965;17.54771647;1993.23;10909.63;7.68;88.48;1006.29;1055.84;1007.98;1039.93;-2.66;-7.65E+09;88.48;18.47;15.89;34.92;-0.25;64.12;83.74;107.72;105.06;63.94
18.125;1;3619166;18.15;17.82;17.60544482;1954.07;-7072.12;7.64;88.42;1006.29;1055.43;1008.23;1043.78;-2.39;1.09E+10;88.42;18.54;15.97;33.94;0.045;64.78;84.59;107.67;105.28;61.84
18.06;-1;3933247;18.275;18.02;17.65090034;1982.48;7797.58;7.28;87.92;1005.93;1054.68;1008.23;1047.25;-4.67;-7.07E+09;87.92;18.61;15.99;28.93;-0.065;62.98;80.28;103.3;98.63;55.66
18.17;1;3344528;18.22;17.95;17.70281031;1980.83;-6624.93;7.32;87.99;1005.93;1054;1008.84;1051.03;-4.21;7.80E+09;87.99;18.69;16.04;30.49;0.11;64.77;85.09;105.8;101.6;60.63
18.125;-1;3019131;18.29;18.075;17.74502927;1997.33;6030.19;5.14;83.72;1005.93;1053.4;1008.59;1054.16;-3.79;-6.62E+09;83.72;18.76;16.06;26.6;-0.045;63.42;77.82;99.84;96.06;50.26
18.22;1;3144510;18.225;18.025;17.79252635;1995.12;-6273.69;4.35;81.3;1006.46;1053.4;1008.59;1056.98;0.28;6.03E+09;81.3;18.81;16.13;27.85;0.095;65.07;85.1;101.29;101.58;45.23
18.05;-1;5655864;18.14;17.87;17.81827371;1950.37;-11031.05;2.69;72.89;1005.52;1052.42;1008.59;1059.52;-6.31;-6.27E+09;72.89;18.85;16.19;19.81;-0.17;59.87;61.08;86.46;80.15;40.71
18.015;-1;2970203;18.07;17.75;17.83794634;1926.06;5720.79;2.03;67.02;1005.52;1051.54;1008.4;1061.59;-5.68;-1.10E+10;67.02;18.88;16.25;16.96;-0.035;58.82;51.83;80.04;74.36;33.27
18;-1;5235925;18.155;17.95;17.85415171;1965.61;-10291.8;2.01;66.81;1005.44;1050.65;1008.4;1063.46;-5.7;5.72E+09;58.61;18.89;16.37;14.84;-0.015;58.35;44.22;73.27;67.57;29.94
17.64;-1;5467162;18.1;17.625;17.83273654;1875.79;-10255.27;1.39;58.09;1003.44;1047.78;1008.4;1065.14;-19.2;-1.03E+10;49.78;18.86;16.48;-1.15;-0.36;48.38;1.91;48.82;29.62;26.95
17.43;-1;8127801;17.615;17.28;17.79246288;1768.49;-14373.93;0.91;47.7;1002.25;1043.97;1008.4;1066.65;-25.66;-1.03E+10;39.57;18.8;16.63;-12.88;-0.21;43.69;13.27;37.4;11.75;24.25
17.315;-1;4054256;17.52;17.185;17.74471659;1737.74;7045.24;0.66;39.86;1002.25;1040.54;1007.74;1067.3;-23.09;-1.44E+10;31.41;18.71;16.78;-22.22;-0.115;41.33;10.61;27.03;3.93;10.39
17.61;1;5327163;17.715;17.375;17.73124494;1806.77;9624.98;0.65;39.38;1003.95;1039.18;1007.74;1067.88;-8.8;7.05E+09;30.87;18.67;16.89;-9.3;0.295;48.95;34.69;41.04;32.25;9.35
17.87;1;3753587;17.89;17.46;17.74512044;1860.62;-6984;0.64;39.05;1003.95;1037.95;1009.22;1069.99;-7.92;9.62E+09;30.49;18.6;17.05;3.11;0.26;54.56;55.92;53.4;45.48;33.84
17.825;-1;1475710;17.945;17.665;17.7531084;1883.5;-2779.5;0.72;41.89;1003.95;1036.85;1008.96;1071.61;-7.12;-6.98E+09;32.7;18.53;17.2;-2.67;-0.045;53.47;57.92;51.4;44.28;26.06
17.55;-1;6133341;17.855;17.41;17.73279756;1818.5;11153.51;0.52;34.31;1002.41;1034.27;1008.96;1073.07;-17.27;-2.78E+09;25.45;18.48;17.28;-27.63;-0.275;47.23;33.03;28.03;10.76;23.45
18.11;1;1.29E+07;1.82E+01;1.75E+01;1.78E+01;1922.7;-24842.17;0.95;48.59;1005.6;1035.18;1008.96;1074.39;6.91;1.12E+10;40.87;18.48;17.35;17.84;0.56;57.98;83.71;72.29;79.21;21.11
17.99;-1;4710253;18.15;17.82;17.79246602;1939.52;-9135.63;0.75;42.8;1005.6;1035.99;1008.3;1074.85;6.22;-2.48E+10;35.22;18.47;17.4;5.6;-0.12;55.38;72.85;60.24;66.46;7.45
17.555;-1;6031619;17.975;17.48;17.76871942;1838.61;11089.8;0.7;41.26;1003.18;1034.2;1008.3;1075.27;-11.42;-9.14E+09;33.96;18.48;17.38;-34.2;-0.435;47.12;35.58;29.36;17.95;6.7
17.86;1;5437480;17.92;17.675;17.77784748;1885.63;10253.1;0.75;42.88;1003.18;1032.59;1010.04;1077.52;-10.27;1.11E+10;35.77;18.48;17.4;-6.75;0.305;52.47;66.83;51.89;41.61;36.11
17.9;1;8074824;18.015;17.71;17.79006273;1903.64;15371.55;1.08;51.95;1003.41;1031.37;1010.04;1079.55;-7.67;1.03E+10;45.06;18.48;17.4;-3;0.04;53.14;70.79;59.4;51.73;32.5
18.14;1;4342205;18.195;17.8;17.82505646;1958.34;8503.51;1.3;56.6;1003.41;1030.27;1011.38;1082.84;-6.9;1.54E+10;49.84;18.49;17.4;18.61;0.24;57.05;94.55;78.51;71.6;52.87
18.23;1;5186990;18.23;17.975;17.86555081;1991.23;10328.48;1.3;56.61;1003.9;1029.79;1011.38;1085.81;-2.72;8.50E+09;56.61;18.49;17.4;26.86;0.09;58.45;100;87.63;84.91;47.58
18.365;1;6672425;18.44;18.125;17.91549573;2046.01;-13651.88;1.79;64.18;1004.64;1030.11;1011.38;1088.48;2.76;1.03E+10;64.18;18.5;17.39;38.11;0.135;60.53;94.02;97.08;99.84;42.82
18.195;-1;3581850;18.345;18.155;17.94344616;2019.97;7235.23;2.06;67.27;1004.64;1030.41;1010.45;1089.85;2.48;-1.37E+10;67.27;18.49;17.4;23.81;-0.17;56.68;80.48;87.29;89.78;22.02
18.445;1;5775870;18.525;18.305;17.99360154;2084.9;12042.11;2.7;72.94;1006.02;1032.09;1010.45;1091.08;11.9;7.24E+09;72.94;18.53;17.38;42.91;0.25;60.64;93.04;103.76;115.66;19.82
18.51;1;5955981;18.55;18.235;18.04524139;2087.06;12430.49;2.76;73.43;1006.37;1033.97;1010.45;1092.19;13.19;1.20E+10;73.43;18.58;17.36;44.36;0.065;61.63;96.49;105.79;118.98;17.83
18.53;1;4508808;18.595;18.43;18.09371725;2116.78;-9544.15;2.83;73.86;1006.37;1035.67;1010.56;1093.31;11.87;1.24E+10;73.86;18.64;17.34;41.86;0.02;61.94;94.51;104.58;116.46;17.96
18.515;-1;3373395;18.535;18.35;18.13584552;2099.09;-7081.06;2.56;71.91;1006.37;1037.19;1010.48;1094.23;10.69;-9.54E+09;71.91;18.68;17.32;37.95;-0.015;61.53;93.25;101.23;111.92;14.73
18.375;-1;4965571;18.58;18.27;18.15976097;2079.17;-10324.27;2.61;72.28;1005.61;1037.77;1010.48;1095.06;4.3;-7.08E+09;72.28;18.71;17.32;26.34;-0.14;57.72;80.27;91.55;95.84;13.26
18.22;-1;7164527;18.345;18.145;18.16578487;2021.63;-14484.03;1.55;60.82;1004.77;1037.41;1010.48;1095.8;-2.07;-1.03E+10;60.82;18.71;17.32;15.16;-0.155;53.74;66.37;75.92;73.85;11.93
18.065;-1;6368539;18.205;18.015;18.15570639;1974.88;12577.13;1.47;59.47;1004.77;1037.09;1009.63;1095.53;-1.86;-1.45E+10;59.47;18.71;17.32;3.94;-0.155;50.03;52.47;65.46;63.6;-4.31
18.355;1;8023847;18.355;18.175;18.17563575;2041.09;16377.39;2.1;67.73;1006.37;1038.46;1009.63;1095.29;9.62;1.26E+10;67.73;18.73;17.32;23.43;0.29;56.13;73.91;85.96;95.58;-3.88
18.505;1;8736374;18.58;18.26;18.20857217;2092.74;-18282.92;2.25;69.27;1007.19;1040.55;1009.63;1095.07;14.41;1.64E+10;69.27;18.78;17.31;31.52;0.15;58.93;89.83;94.83;109.24;-3.49
18.18;-1;4686185;18.55;18.105;18.20571496;2035.24;9537.5;1.65;62.29;1007.19;1042.43;1007.87;1092.96;12.97;-1.83E+10;62.29;18.78;17.35;8;-0.325;51.3;47.8;68.76;81.73;-33.95
18.405;1;4664139;18.465;18.135;18.22564346;2054.38;9581.93;1.67;62.54;1007.19;1044.12;1009.11;1092.38;11.67;9.54E+09;62.54;18.78;17.43;22.21;0.225;55.59;69.35;81.73;93.4;-9.23
18.56;1;5142010;18.595;18.255;18.25907911;2100.07;10798.6;1.68;62.65;1008.03;1046.54;1009.11;1091.87;16.43;9.58E+09;62.65;18.77;17.54;32.87;0.155;58.31;93.97;92.57;109;-8.3
18.63;1;3125721;18.655;18.48;18.2961712;2140.86;-6691.74;1.56;60.99;1008.03;1048.71;1009.49;1091.81;14.79;1.08E+10;60.99;18.8;17.59;36.1;0.07;59.51;96.09;94.32;109.11;-0.89
18.515;-1;6517930;18.69;18.41;18.31805408;2123.56;-13841.25;1.41;58.53;1007.42;1050.01;1009.49;1091.76;8.96;-6.69E+09;58.53;18.82;17.62;24.52;-0.115;56.62;74.07;82.18;91.14;-0.8
18.325;-1;5599119;18.445;18.18;18.31874867;2048.31;11468.72;1.06;51.35;1007.42;1051.18;1008.46;1090.59;8.07;-1.38E+10;51.35;18.82;17.66;7.25;-0.19;52.1;45.93;63;71.07;-18.69
18.6;1;6275992;18.605;18.27;18.34687381;2107.46;-13226.42;1.07;51.58;1008.92;1053.83;1008.46;1089.55;17.82;1.15E+10;51.58;18.8;17.76;30.42;0.275;57.4;86.67;84.14;101.96;-16.82
18.44;-1;4261398;18.59;18.35;18.35618643;2096.79;-8935.26;0.85;45.93;1008.92;1056.21;1007.6;1087.67;16.04;-1.32E+10;45.93;18.82;17.78;13.83;-0.16;53.68;62.96;67.21;83.25;-30.05
18.195;-1;7020802;18.515;18.06;18.34006778;2028.02;14238.33;0.79;44;1007.59;1056.92;1007.6;1085.99;5.09;-8.94E+09;44;18.81;17.8;-10.83;-0.245;48.5;26.67;45.28;50.36;-27.04
18.365;1;4525814;18.375;18.085;18.34256101;2034.3;-9206.87;0.99;49.73;1007.59;1057.56;1008.54;1085.47;4.58;1.42E+10;49.73;18.74;17.93;3.47;0.17;51.96;51.85;61.22;65.8;-8.29
18.225;-1;3273516;18.325;18.09;18.3308049;2013.86;6592.4;1.09;52.16;1007.59;1058.13;1007.78;1084.18;4.12;-9.21E+09;52.16;18.71;17.99;-17.75;-0.14;49.04;31.11;46.91;51.03;-20.68
18.245;1;3625869;18.34;18.165;18.32222441;2026.08;7346.31;1.42;58.61;1007.7;1058.76;1007.78;1083.02;4.48;6.59E+09;58.61;18.67;18.06;-19.47;0.02;49.47;29.37;49.2;53.68;-18.61
18.35;1;3477498;18.4;18.14;18.32500197;2040.48;7095.78;1.27;56;1007.7;1059.34;1008.35;1082.6;4.03;7.35E+09;56;18.67;18.08;-4.03;0.105;51.81;46.03;59.56;63.6;-6.85
18.59;1;8100792;18.64;18.29;18.35150178;2112.6;-17113.75;1.25;55.65;1009.01;1061.24;1008.35;1082.21;12.83;7.10E+09;55.65;18.69;18.09;33.52;0.24;56.74;84.13;86.98;99.81;-6.16
18.585;-1;4441200;18.65;18.475;18.3748516;2134.54;9479.93;1.26;55.67;1009.01;1062.96;1008.32;1081.84;11.55;-1.71E+10;55.67;18.71;18.09;30.28;-0.005;56.61;83.33;85.17;96.72;-6.01
18.64;1;3506821;18.64;18.45;18.40136644;2136.82;7493.43;1.22;55.02;1009.01;1064.5;1008.62;1081.82;10.39;9.48E+09;55.02;18.73;18.1;35.96;0.055;57.76;92.06;89.72;100.11;-0.29
18.78;1;7187773;18.795;18.615;18.43922979;2190.18;15742.51;1.3;56.52;1009.76;1066.7;1008.62;1081.8;14.64;7.49E+09;56.52;18.77;18.08;51.09;0.14;60.61;97.96;100.44;115.08;-0.26
19.06;1;6335456;19.1;18.745;18.50130681;2274.68;14411.14;1.42;58.67;1009.76;1068.68;1010.11;1083.4;13.17;1.57E+10;58.67;18.87;18.03;71.99;0.28;65.61;96.15;114.16;127.34;25.64
19.285;1;6926615;19.295;18.965;18.57967613;2352.32;16293.6;2.13;68.03;1010.94;1071.75;1010.11;1084.84;20.16;1.44E+10;68.03;19.02;17.94;75.2;0.225;69.02;99.19;122.66;142.82;23.08
19.37;1;5708486;19.465;19.2;18.65870852;2413.04;13774.79;3.1;75.62;1010.94;1074.5;1010.55;1086.62;18.15;1.63E+10;75.62;19.15;17.88;66.96;0.085;70.22;93.24;121.94;140.08;28.53
19.535;1;4435522;19.58;19.33;18.74633767;2464.54;-10931.54;3.04;75.26;1010.94;1076.98;1011.4;1089.16;16.33;1.38E+10;75.26;19.31;17.81;64.91;0.165;72.45;97.04;122.49;138.82;40.75
19.49;-1;4529897;19.555;19.35;18.8207039;2458.27;-11135.7;2.88;74.23;1010.71;1078.97;1011.4;1091.44;13.08;-1.09E+10;74.23;19.43;17.79;53.57;-0.045;70.89;94.08;115.02;128.1;36.68
19.2;-1;6047741;19.325;19.02;18.85863351;2352.39;14226.67;2.88;74.24;1009.22;1079.12;1011.4;1093.5;1.3;-1.11E+10;74.24;19.48;17.84;33.13;-0.29;61.68;74.58;96.95;98.25;33.01
19.21;1;4916811;19.3;19.09;18.89377016;2359.22;-11599.86;2.94;74.62;1009.22;1079.25;1011.46;1095.41;1.17;1.42E+10;74.62;19.53;17.85;30.97;0.01;61.86;75.17;96.25;97.42;30.64
19.155;-1;5181001;19.4;19.095;18.91989314;2365.28;12254.51;2.59;72.12;1008.93;1079.06;1011.46;1097.13;-0.96;-1.16E+10;72.12;19.57;17.86;25.66;-0.055;60.15;70.49;90.71;89.75;27.57
19.17;1;3316783;19.295;19.03;18.94490383;2346.3;7782.18;2.6;72.19;1008.93;1078.9;1011.53;1098.76;-0.86;1.23E+10;72.19;19.6;17.91;24.55;0.015;60.47;71.53;90.53;89.66;26.21
19.51;1;7960731;19.51;19.09;19.00141345;2422.14;19282;2.85;74.05;1010.71;1080.65;1011.53;1100.23;11.7;7.78E+09;74.05;19.68;17.92;40.38;0.34;66.97;94.57;106.46;118.16;23.59
19.53;1;5796438;19.94;19.385;19.0542721;2516.36;14585.9;2.8;73.69;1010.71;1082.24;1011.64;1101.67;10.53;1.93E+10;73.69;19.76;17.92;37.64;0.02;67.31;72.48;101.4;111.93;23.07
19.78;1;5837535;19.78;19.365;19.12684489;2525.51;-14742.74;3.9;79.58;1011.99;1085.07;1011.64;1102.96;18.48;1.46E+10;79.58;19.87;17.9;45.48;0.25;71.29;89.26;113.06;131.54;20.76
19.665;-1;2253742;19.865;19.595;19.1806604;2551.56;5750.57;3.21;76.24;1011.99;1087.61;1011.05;1103.48;16.64;-1.47E+10;76.24;19.95;17.91;36.07;-0.115;67.23;79.25;102.98;119.61;8.28
19.77;1;2371344;19.87;19.63;19.23959436;2570.42;-6095.34;2.99;74.91;1012.52;1090.5;1011.05;1103.95;18.73;5.75E+09;74.91;20.03;17.95;37.67;0.105;68.97;85.77;105.07;123.8;7.46
19.595;-1;3303825;19.84;19.475;19.27513493;2523.73;8337.97;2.23;69;1011.64;1092.1;1011.05;1104.36;10.63;-6.10E+09;69;20.08;17.98;26.95;-0.175;62.98;64.62;90.23;100.86;6.71
19.77;1;3784018;19.84;19.615;19.32462143;2564.57;-9704.4;2.1;67.73;1012.53;1094.54;1011.05;1104.74;15.85;8.34E+09;67.73;20.14;18.02;32.45;0.175;66.15;81.52;96.75;112.6;6.04
19.17;-1;1.38E+07;1.98E+01;1.90E+01;1.93E+01;2407.56;-33240.51;1.12;52.72;1009.49;1093.34;1011.05;1105.08;-7.09;-9.70E+09;52.72;20.12;18.13;2.42;-0.6;50.27;18.09;55.72;48.63;5.44
18.88;-1;7500040;19.145;18.67;19.26624336;2249.47;16871.12;0.82;45.14;1009.49;1092.26;1009.54;1103.71;-6.38;-3.32E+10;45.14;20.1;18.19;-13.78;-0.29;44.69;16.54;40.78;34.4;-22.01
18.93;1;4736864;19.04;18.67;19.23261903;2243.06;-10625.06;1.04;51.01;1009.49;1091.29;1009.81;1102.76;-5.74;1.69E+10;51.01;20.05;18.29;-13.66;0.05;45.8;20.47;44.99;39.25;-15.17
18.31;-1;1.73E+07;1.86E+01;1.83E+01;1.91E+01;2070.66;35788.63;0.84;45.69;1006.22;1086.88;1009.81;1101.91;-28.21;-1.06E+10;45.69;20.04;18.3;-49.6;-0.62;36.07;3.55;16.67;-11.54;-13.65
18.41;1;8410251;18.46;18.25;19.06732141;2067.41;17387.46;0.89;47.17;1006.22;1082.9;1010.35;1101.74;-25.39;3.58E+10;47.17;20.04;18.31;-44.45;0.1;38.35;9.47;22.11;-3.28;-2.7
18.55;1;6885325;18.595;18.315;19.01558927;2105.84;-14499.41;1.15;53.43;1006.22;1079.32;1011.11;1102.43;-22.85;1.74E+10;53.43;20.04;18.31;-36.04;0.14;41.49;17.75;32.4;9.54;11
18.505;-1;4709947;18.675;18.41;18.96453034;2120.71;9988.45;0.97;49.3;1006.22;1076.1;1010.87;1102.78;-20.57;-1.45E+10;49.3;20.05;18.3;-38.05;-0.045;40.77;15.09;28.52;7.96;5.58
18.665;1;7052473;18.8;18.32;18.93457731;2142.84;-15112.33;0.93;48.3;1007.08;1074.11;1010.87;1103.09;-12.43;9.99E+09;48.3;20.04;18.3;-29.04;0.16;44.45;24.56;35.95;23.52;5.02
18.505;-1;5971159;18.8;18.48;18.89161958;2143.03;-12796.36;0.72;41.8;1007.08;1072.31;1010.01;1102.42;-11.18;-1.51E+10;41.8;20.06;18.26;-36.49;-0.16;41.66;15.74;26.11;14.92;-10.69
18.385;-1;5770332;18.59;18.275;18.84095762;2081.99;12013.79;0.54;35.26;1007.08;1070.7;1009.37;1101.11;-10.07;-1.28E+10;35.26;20.08;18.19;-39.48;-0.12;39.65;8.33;19.11;9.04;-21.03
18.52;1;4284894;18.55;18.19;18.80886186;2083.03;8925.58;0.64;38.96;1007.08;1069.24;1010.1;1100.73;-9.06;1.20E+10;38.96;20.08;18.13;-29.88;0.135;42.99;19.64;29.3;20.24;-6.09
18.65;1;3785332;18.67;18.345;18.79297567;2129.22;-8059.79;0.65;39.52;1007.08;1067.94;1010.8;1101.16;-8.15;8.93E+09;39.52;20.06;18.09;-21.54;0.13;46.07;27.88;36.67;28.52;6.88
18.45;-1;5080392;18.72;18.415;18.7586781;2120.08;10770.85;0.64;39.07;1006.01;1065.63;1010.8;1101.55;-14.88;-8.06E+09;39.07;20.03;18.04;-29.18;-0.2;42.28;15.76;28.71;13.83;6.19
19.24;1;2.08E+07;1.95E+01;1.90E+01;1.88E+01;2385.44;49507.74;0.94;48.56;1010.29;1068.02;1010.8;1101.9;16.73;1.08E+10;48.55;20.01;18.04;11.15;0.79;57.26;64.02;69.15;85.88;5.57
19.29;1;6342395;19.375;19.11;18.85512926;2380.75;-15099.64;1.42;58.63;1010.29;1070.18;1011.06;1102.49;15.06;4.95E+10;58.62;20.01;18.04;13.47;0.05;58;83.02;78.88;93.94;9.62
19.28;-1;3961613;19.4;19.25;18.89761634;2400.04;9508.02;1.53;60.51;1010.29;1072.12;1011.01;1102.98;13.55;-1.51E+10;60.49;20.02;18.04;12.79;-0.01;57.78;82.26;79.24;92.8;7.74
19.33;1;5768010;19.4;19.255;18.9408547;2406.89;-13882.95;1.57;61.06;1010.55;1074.15;1011.01;1103.41;14.02;9.51E+09;61.05;20.03;18.04;14.87;0.05;58.62;86.04;81.61;95.63;6.96
19.145;-1;3921833;19.31;19.02;18.96126923;2343.83;-9192.13;2.22;68.91;1010.55;1075.97;1010.05;1102.74;12.62;-1.39E+10;68.9;20.03;18.04;5.62;-0.185;54.35;72.08;76.45;89.07;-10.74
18.68;-1;1.23E+07;1.90E+01;1.87E+01;1.89E+01;2205.32;-27049.88;1.37;57.8;1008.12;1074.96;1010.05;1102.14;-5.73;-9.19E+09;57.79;19.99;18.02;-16.29;-0.465;45.41;36.98;49.62;43.88;-9.66
18.325;-1;8938042;18.74;18.325;18.87232808;2097.67;-18749.03;1;50.12;1008.12;1074.05;1008.15;1099.51;-5.16;-2.70E+10;50.1;19.95;17.96;-31.6;-0.355;40;10.19;30.95;25.79;-42.14
18.005;-1;9833504;18.5;18.005;18.78559527;1999.11;19658.26;0.92;48.01;1006.38;1071.37;1008.15;1097.15;-16.93;-1.87E+10;48;19.88;17.88;-43.85;-0.32;35.85;0;20;3.07;-37.93
18.18;1;7137077;18.21;17.81;18.72503574;1965.38;14027.07;0.91;47.77;1006.38;1068.96;1009.12;1096.07;-15.24;1.97E+10;47.75;19.81;17.84;-32.67;0.175;39.55;21.7;30.93;15.69;-17.35
18.27;1;1.40E+07;1.83E+01;1.81E+01;1.87E+01;2013.85;-28197.29;1.29;56.29;1006.87;1067.31;1009.12;1095.09;-10.23;1.40E+10;56.27;19.69;17.84;-26.59;0.09;41.41;26.98;40.04;29.81;-15.62
18.15;-1;4720298;18.39;18.14;18.62657895;2018.25;-9526.73;1.32;56.86;1006.87;1065.82;1008.47;1093.51;-9.21;-2.82E+10;56.85;19.6;17.81;-31.16;-0.12;39.65;19.94;36;26.79;-25.51
18.13;-1;2.36E+07;1.84E+01;1.81E+01;1.86E+01;2010.98;-47411.95;0.85;45.89;1006.76;1064.37;1008.47;1092.07;-9.06;-9.53E+09;45.87;19.45;17.83;-31.68;-0.02;39.35;18.77;29.9;20.84;-22.96
18.115;-1;3935507;18.3;18.05;18.53072895;1994.55;-7849.57;0.76;43.05;1006.76;1063.06;1008.38;1090.7;-8.15;-4.74E+10;43.03;19.4;17.8;-30.19;-0.015;39.11;17.89;28.96;20.81;-22.09
18.005;-1;3802981;18.225;17.975;18.47815606;1966.11;7477.09;0.77;43.56;1006.76;1061.88;1007.78;1088.8;-7.34;-7.85E+09;43.54;19.39;17.74;-33.89;-0.11;37.32;11.44;25.39;18.06;-30.39
18.255;1;1.58E+07;1.83E+01;1.79E+01;1.85E+01;2000.4;-31514.34;0.66;39.64;1008.15;1062.28;1007.78;1087.1;3.16;7.48E+09;39.64;19.35;17.72;-17.13;0.25;43.64;27.99;37.74;40.9;-27.35
18.085;-1;6059428;18.22;18.08;18.41875641;1985.84;12033.05;0.52;34.22;1008.15;1062.64;1006.85;1084.57;2.85;-3.15E+10;34.22;19.36;17.69;-26.54;-0.17;40.64;17.3;27.04;29.89;-40.63
18.19;1;5805592;18.235;18.02;18.39588077;1992.38;11566.94;0.62;38.42;1008.15;1062.97;1007.43;1082.9;2.56;1.20E+10;38.42;19.36;17.67;-19.46;0.105;43.23;23.9;35.08;37.65;-26.68
18.49;1;6104539;18.56;18.36;18.40529269;2100.23;12820.92;0.62;38.17;1009.8;1065.02;1007.43;1081.41;13.91;1.16E+10;38.17;19.36;17.67;-1.42;0.3;49.96;45.33;50.91;64.82;-24.01
18.535;1;1.32E+07;1.86E+01;1.84E+01;1.84E+01;2114.47;-28000.52;0.84;45.72;1010.04;1067.12;1007.43;1080.06;14.23;1.28E+10;45.72;19.36;17.67;1.19;0.045;50.9;63.04;59.41;73.65;-21.61
18.155;-1;5641564;18.245;18.01;18.39193708;1988.53;11218.43;0.94;48.5;1010.04;1069.02;1005.38;1076.66;12.81;-2.80E+10;48.5;19.35;17.64;-20.04;-0.38;43.47;37.1;42.15;54.96;-54.58
18.21;1;1622155;18.3;18.165;18.37374337;2017.79;3273.16;1.12;52.91;1010.04;1070.73;1005.68;1073.92;11.53;1.12E+10;52.91;19.34;17.63;-15.96;0.055;44.73;50.63;49.28;60.81;-44.04
18.405;1;5983383;18.48;18.2;18.37686903;2063.42;-12346.24;1.48;59.74;1011.11;1073.43;1005.68;1071.45;17.91;3.27E+09;59.74;19.34;17.63;-4.6;0.195;49.06;75.32;64.65;82.56;-39.63
18.305;-1;4124528;18.465;18.285;18.36968213;2060.12;8497.03;1.23;55.11;1011.11;1075.86;1005.14;1068.65;16.12;-1.23E+10;55.11;19.34;17.61;-9.92;-0.1;47.02;56.62;55.55;71.67;-44.82
18.32;1;1485771;18.35;18.24;18.36471392;2043.93;3036.81;0.99;49.65;1011.11;1078.04;1005.22;1066.22;14.51;8.50E+09;49.65;19.32;17.6;-8.28;0.015;47.38;58.82;54.17;68.68;-38.96